model,accuracy,precision,recall,f1_score,roc_auc
Logistic Regression,0.7731,0.9164611096415132,0.7731,0.8261657130621254,0.7988614817662042
Random Forest,0.9343,0.9151192752366104,0.9343,0.9177606946778711,0.8382984581767584
Histogram-Based Gradient Boosting,0.9368333333333333,0.9206512808118209,0.9368333333333333,0.9217034991362377,0.8673237962425602
google/flan-t5-small D0 Q0,0.1136,0.913800058265787,0.1136,0.09985912076232892,0.7089330522595102
google/flan-t5-small D0 Q1,0.9331666666666667,0.8708000277777779,0.9331666666666667,0.9009052791907348,0.6060030313571314
google/flan-t5-small D0 Q2,0.9331666666666667,0.8708000277777779,0.9331666666666667,0.9009052791907348,0.6508413196335826
